INSERT INTO User(email, fName, lName, role, password, salt) VALUES('a@a.com', 'jane', 'doe', 'admin', 'pass', 'salt1');
INSERT INTO User(email, fName, lName, role, password, salt) VALUES('b@b.com', 'john', 'smith', 'customer', 'pass', 'salt2');
INSERT INTO User(email, fName, lName, role, password, salt) VALUES('o.fahmy@outlook.com', 'john', 'smith', 'customer', 'pass', 'salt2');
INSERT INTO Movie(movieID, title, genre, releaseDate, classification, posterUrl, trailerUrl, rating, count, runtime, description) VALUES (1,'Spider-Man 2', 'Action', '2004-05-01', '12A', 'https://images-na.ssl-images-amazon.com/images/M/MV5BMzY2ODk4NmUtOTVmNi00ZTdkLTlmOWYtMmE2OWVhNTU2OTVkXkEyXkFqcGdeQXVyMTQxNzMzNDI@._V1_SY1000_CR0,0,729,1000_AL_.jpg', 'https://www.youtube.com/embed/enmFqm_N_ZE', 4.6, 0.0, 130, 'film description...');
INSERT INTO Movie(movieID, title, genre, releaseDate, classification, posterUrl, trailerUrl, rating, count, runtime, description) VALUES (2,'Harry Potter and the Philosophers Stone', 'Fantasy', '2001-08-16', '12A', 'https://images-na.ssl-images-amazon.com/images/M/MV5BNjQ3NWNlNmQtMTE5ZS00MDdmLTlkZjUtZTBlM2UxMGFiMTU3XkEyXkFqcGdeQXVyNjUwNzk3NDc@._V1_.jpg', 'https://www.youtube.com/embed/VyHV0BRtdxo', 4.6, 0.0, 130, 'film description...');
INSERT INTO Movie(movieID, title, genre, releaseDate, classification, posterUrl, trailerUrl, rating, count, runtime, description) VALUES (3,'The Lego Batman Movie', 'Animation', '2017-02-10', 'U', 'https://images-na.ssl-images-amazon.com/images/M/MV5BMTcyNTEyOTY0M15BMl5BanBnXkFtZTgwOTAyNzU3MDI@._V1_SY1000_CR0,0,674,1000_AL_.jpg', 'https://www.youtube.com/embed/iMdQXYQ_MD8', 4.6, 0.0, 130, 'Bruce Wayne must not only deal with the criminals of Gotham City, but also the responsibility of raising a boy he adopted.');
INSERT INTO Movie(movieID, title, genre, releaseDate, classification, posterUrl, trailerUrl, rating, count, runtime, description) VALUES (4,'The Fate Of The Furious', 'Action', '2017-04-12', '12A', 'https://images-na.ssl-images-amazon.com/images/M/MV5BMjMxODI2NDM5Nl5BMl5BanBnXkFtZTgwNjgzOTk1MTI@._V1_SY1000_CR0,0,631,1000_AL_.jpg', 'https://www.youtube.com/embed/9GvX2uexGkA', 4.4, 0.0, 136, 'When a mysterious woman seduces Dom into the world of crime and a betrayal of those closest to him, the crew face trials that will test them as never before.');
INSERT INTO Movie(movieID, title, genre, releaseDate, classification, posterUrl, trailerUrl, rating, count, runtime, description) VALUES (5,'Wonder Woman', 'Fantasy', '2017-06-02', 'TBC', 'https://images-na.ssl-images-amazon.com/images/M/MV5BMzUxNjQ5MjAyOF5BMl5BanBnXkFtZTgwMjIzOTA1MDI@._V1_SY1000_CR0,0,674,1000_AL_.jpg', 'https://www.youtube.com/embed/INLzqh7rZ-U', 4.6, 0.0, 130, 'An Amazon princess leaves her island home to explore the world and, in doing so, becomes one of the worlds greatest heroes.');
INSERT INTO Movie(movieID, title, genre, releaseDate, classification, posterUrl, trailerUrl, rating, count, runtime, description) VALUES (6,'Beauty And The Beast', 'Fantasy', '2017-03-17', 'PG', 'https://images-na.ssl-images-amazon.com/images/M/MV5BMTUwNjUxMTM4NV5BMl5BanBnXkFtZTgwODExMDQzMTI@._V1_SY1000_CR0,0,674,1000_AL_.jpg', 'https://www.youtube.com/embed/e3Nl_TCQXuw', 4.7, 0.0, 129, 'An adaptation of the Disney fairy tale about a monstrous-looking prince and a young woman who fall in love.');
INSERT INTO Movie(movieID, title, genre, releaseDate, classification, posterUrl, trailerUrl, rating, count, runtime, description) VALUES (7,'Logan', 'Animation', '2017-03-01', '15', 'https://images-na.ssl-images-amazon.com/images/M/MV5BMjI1MjkzMjczMV5BMl5BanBnXkFtZTgwNDk4NjYyMTI@._V1_SY1000_CR0,0,676,1000_AL_.jpg', 'https://www.youtube.com/embed/DekuSxJgpbY', 4.8, 0.0, 137, 'In the near future, a weary Logan cares for an ailing Professor X somewhere on the Mexican border. However, the attempts of Logan to hide from the world and his legacy are upended when a young mutant arrives, pursued by dark forces.');
INSERT INTO Movie(movieID, title, genre, releaseDate, classification, posterUrl, trailerUrl, rating, count, runtime, description) VALUES (8,'Ghost In The Shell', 'Action', '2017-03-30', '12A', 'https://images-na.ssl-images-amazon.com/images/M/MV5BMzJiNTI3MjItMGJiMy00YzA1LTg2MTItZmE1ZmRhOWQ0NGY1XkEyXkFqcGdeQXVyOTk4MTM0NQ@@._V1_SY1000_CR0,0,675,1000_AL_.jpg', 'https://www.youtube.com/embed/sEDctELIm3I', 4.7, 0.0, 120, 'In the near future, Major is the first of her kind: A human saved from a terrible crash, who is cyber-enhanced to be a perfect soldier devoted to stopping the worlds most dangerous criminals.');
INSERT INTO Movie(movieID, title, genre, releaseDate, classification, posterUrl, trailerUrl, rating, count, runtime, description) VALUES (9,'T2 Trainspotting', 'Drama', '2017-01-27', '18', 'https://images-na.ssl-images-amazon.com/images/M/MV5BMTU2NTA0NDM0MF5BMl5BanBnXkFtZTgwMDMzMTQzMTI@._V1_SY1000_CR0,0,666,1000_AL_.jpg', 'https://www.youtube.com/embed/itTuBLUd54U', 4.2, 0.0, 117, 'After 20 years abroad, Mark Renton returns to Scotland and reunites with his old friends Sick Boy, Spud, and Begbie.');
INSERT INTO Movie(movieID, title, genre, releaseDate, classification, posterUrl, trailerUrl, rating, count, runtime, description) VALUES (10,'Hidden Figures', 'Biography', '2017-02-17', 'PG', 'https://images-na.ssl-images-amazon.com/images/M/MV5BMjQxOTkxODUyN15BMl5BanBnXkFtZTgwNTU3NTM3OTE@._V1_SY1000_CR0,0,674,1000_AL_.jpg', 'https://www.youtube.com/embed/5wfrDhgUMGI', 4.3, 0.0, 127, 'The story of a team of African-American women mathematicians who served a vital role in NASA during the early years of the US space program.');
INSERT INTO Movie(movieID, title, genre, releaseDate, classification, posterUrl, trailerUrl, rating, count, runtime, description) VALUES (11,'John Wick: Chapter 2', 'Thriller', '2017-02-17', '18', 'https://images-na.ssl-images-amazon.com/images/M/MV5BMjE2NDkxNTY2M15BMl5BanBnXkFtZTgwMDc2NzE0MTI@._V1_SY1000_CR0,0,648,1000_AL_.jpg', 'https://www.youtube.com/embed/ChpLV9AMqm4', 4.4, 0.0, 122, 'After returning to the criminal underworld to repay a debt, John Wick discovers that a large bounty has been put on his life.');
INSERT INTO Movie(movieID, title, genre, releaseDate, classification, posterUrl, trailerUrl, rating, count, runtime, description) VALUES (12,'La La Land', 'Drama', '2017-01-12', '12A', 'https://images-na.ssl-images-amazon.com/images/M/MV5BMzUzNDM2NzM2MV5BMl5BanBnXkFtZTgwNTM3NTg4OTE@._V1_SY1000_SX675_AL_.jpg', 'https://www.youtube.com/embed/0pdqf4P9MB8', 4.3, 0.0, 128, 'A jazz pianist falls for an aspiring actress in Los Angeles.');
INSERT INTO Screen(screenId, screenType, screenDesc) VALUES(1, 'Standard', 'A standard screen, for standard people.');
INSERT INTO Screen(screenId, screenType, screenDesc) VALUES(2, 'Standard', 'Another standard screen.');
INSERT INTO Screen(screenId, screenType, screenDesc) VALUES(3, 'Deluxe', 'A fancy screen, like a sir.');
INSERT INTO Showing(showingId, screenId, movieId, dateTime) VALUES(1, 1, 1, '2017-03-15T12:00:00Z');
INSERT INTO Showing(showingId, screenId, movieId, dateTime) VALUES(2, 1, 1, '2017-03-15T17:00:00Z');
INSERT INTO Showing(showingId, screenId, movieId, dateTime) VALUES(3, 1, 1, '2017-03-16T12:00:00');
INSERT INTO Showing(showingId, screenId, movieId, dateTime) VALUES(4, 1, 1, '2017-03-17T12:00:00');
INSERT INTO Showing(showingId, screenId, movieId, dateTime) VALUES(5, 2, 2, '2017-03-14 16:00:00');
INSERT INTO Showing(showingId, screenId, movieId, dateTime) VALUES(6, 2, 2, '2017-03-16 12:00:00');
INSERT INTO Showing(showingId, screenId, movieId, dateTime) VALUES(7, 2, 2, '2017-03-15 12:00:00');
INSERT INTO Seat(seatId, row, col, screenId) VALUES (1,'1', 'A', 1);
INSERT INTO Seat(seatId, row, col, screenId) VALUES (2,'2', 'A', 1);
INSERT INTO Seat(seatId, row, col, screenId) VALUES (3,'3', 'A', 1);
INSERT INTO Seat(seatId, row, col, screenId) VALUES (4,'4', 'A', 1);
INSERT INTO Seat(seatId, row, col, screenId) VALUES (5,'5', 'A', 1);
INSERT INTO Seat(seatId, row, col, screenId) VALUES (6,'6', 'A', 1);
INSERT INTO Seat(seatId, row, col, screenId) VALUES (7,'7', 'A', 1);
INSERT INTO Seat(seatId, row, col, screenId) VALUES (8,'8', 'A', 1);
INSERT INTO Seat(seatId, row, col, screenId) VALUES (9,'1', 'B', 1);
INSERT INTO Seat(seatId, row, col, screenId) VALUES (10,'2', 'B', 1);
INSERT INTO Seat(seatId, row, col, screenId) VALUES (11,'3', 'B', 1);
INSERT INTO Seat(seatId, row, col, screenId) VALUES (12,'4', 'B', 1);
INSERT INTO Seat(seatId, row, col, screenId) VALUES (13,'5', 'B', 1);
INSERT INTO Seat(seatId, row, col, screenId) VALUES (14,'6', 'B', 1);
INSERT INTO Seat(seatId, row, col, screenId) VALUES (15,'7', 'B', 1);
INSERT INTO Seat(seatId, row, col, screenId) VALUES (16,'8', 'B', 1);
INSERT INTO Seat(seatId, row, col, screenId) VALUES (17,'1', 'A', 3);
INSERT INTO Seat(seatId, row, col, screenId) VALUES (18,'2', 'A', 3);
INSERT INTO Seat(seatId, row, col, screenId) VALUES (19,'3', 'A', 3);
INSERT INTO Seat(seatId, row, col, screenId) VALUES (20,'4', 'A', 3);
INSERT INTO Seat(seatId, row, col, screenId) VALUES (21,'1', 'B', 3);
INSERT INTO Seat(seatId, row, col, screenId) VALUES (22,'2', 'B', 3);
INSERT INTO Seat(seatId, row, col, screenId) VALUES (23,'3', 'B', 3);
INSERT INTO Seat(seatId, row, col, screenId) VALUES (24,'4', 'B', 3);
INSERT INTO Ticket(ticketId, price, orderId, seatId, showingId, email) VALUES(1,'1','a', 1, 1, 'a@a.com');
INSERT INTO Ticket(ticketId, price, orderId, seatId, showingId, email) VALUES(1, 3,'a1', 1, 1, 'o.fahmy@outlook.com');
INSERT INTO Ticket(ticketId, price, orderId, seatId, showingId, email) VALUES(2, 12,'a1', 1, 1, 'o.fahmy@outlook.com');
