INSERT INTO User(email, fName, lName, role, password, salt) VALUES('guestAccount', 'guest', 'guest', 'customer', '...', '...');
INSERT INTO User(email, fName, lName, role, password, salt) VALUES('a@a.com', 'jane', 'doe', 'admin', '275d1fbfb7b0241c1c1de407bb0b0912bef53119731cea17a7869de65d8eba53', 'salt1');
INSERT INTO User(email, fName, lName, role, password, salt) VALUES('b@b.com', 'john', 'smith', 'customer', '5147b9e65edbf125e13d9156f1ff33c5170c64232fb2d08c67dc4474d4f10f3e', 'salt2');
INSERT INTO User(email, fName, lName, role, password, salt) VALUES('o.fahmy@outlook.com', 'john', 'smith', 'customer', '5147b9e65edbf125e13d9156f1ff33c5170c64232fb2d08c67dc4474d4f10f3e', 'salt2');

INSERT INTO Movie(movieID, title, genre, releaseDate, classification, posterUrl, trailerUrl, rating, count, runtime, description) VALUES (1,'Spider-Man 2', 'Action', '2004-05-01', '12A', 'app/misc/posters/Spiderman2.jpg', 'enmFqm_N_ZE', 4.6, 0.0, 130, 'Peter Parker is beset with troubles in his failing personal life as he battles a brilliant scientist named Doctor Otto Octavius.');
INSERT INTO Movie(movieID, title, genre, releaseDate, classification, posterUrl, trailerUrl, rating, count, runtime, description) VALUES (2,'Harry Potter and the Philosophers Stone', 'Fantasy', '2001-08-16', '12A', 'app/misc/posters/HarryPotterPhilStone.jpg', 'VyHV0BRtdxo', 4.6, 0.0, 130, 'Rescued from the outrageous neglect of his aunt and uncle, a young boy with a great destiny proves his worth while attending Hogwarts School of Witchcraft and Wizardry.');
INSERT INTO Movie(movieID, title, genre, releaseDate, classification, posterUrl, trailerUrl, rating, count, runtime, description) VALUES (3,'The Lego Batman Movie', 'Animation', '2017-02-10', 'U', 'app/misc/posters/LegoBatman.jpg', 'iMdQXYQ_MD8', 4.6, 0.0, 130, 'Bruce Wayne must not only deal with the criminals of Gotham City, but also the responsibility of raising a boy he adopted.');
INSERT INTO Movie(movieID, title, genre, releaseDate, classification, posterUrl, trailerUrl, rating, count, runtime, description) VALUES (4,'The Fate Of The Furious', 'Action', '2017-04-12', '12A', 'app/misc/posters/Fast8.jpg', '9GvX2uexGkA', 4.4, 0.0, 136, 'When a mysterious woman seduces Dom into the world of crime and a betrayal of those closest to him, the crew face trials that will test them as never before.');
INSERT INTO Movie(movieID, title, genre, releaseDate, classification, posterUrl, trailerUrl, rating, count, runtime, description) VALUES (5,'Wonder Woman', 'Fantasy', '2017-06-02', 'TBC', 'app/misc/posters/WonderWoman.jpg', 'INLzqh7rZ-U', 4.6, 0.0, 130, 'An Amazon princess leaves her island home to explore the world and, in doing so, becomes one of the worlds greatest heroes.');
INSERT INTO Movie(movieID, title, genre, releaseDate, classification, posterUrl, trailerUrl, rating, count, runtime, description) VALUES (6,'Beauty And The Beast', 'Fantasy', '2017-03-17', 'PG', 'app/misc/posters/BeautyAndTheBeast.jpg', 'e3Nl_TCQXuw', 4.7, 0.0, 129, 'An adaptation of the Disney fairy tale about a monstrous-looking prince and a young woman who fall in love.');
INSERT INTO Movie(movieID, title, genre, releaseDate, classification, posterUrl, trailerUrl, rating, count, runtime, description) VALUES (7,'Logan', 'Action', '2017-03-01', '15', 'app/misc/posters/Logan.jpg', 'DekuSxJgpbY', 4.8, 0.0, 137, 'In the near future, a weary Logan cares for an ailing Professor X somewhere on the Mexican border. However, the attempts of Logan to hide from the world and his legacy are upended when a young mutant arrives, pursued by dark forces.');
INSERT INTO Movie(movieID, title, genre, releaseDate, classification, posterUrl, trailerUrl, rating, count, runtime, description) VALUES (8,'Ghost In The Shell', 'Action', '2017-03-30', '12A', 'app/misc/posters/GhostInTheShell.jpg', 'sEDctELIm3I', 4.7, 0.0, 120, 'In the near future, Major is the first of her kind: A human saved from a terrible crash, who is cyber-enhanced to be a perfect soldier devoted to stopping the worlds most dangerous criminals.');
INSERT INTO Movie(movieID, title, genre, releaseDate, classification, posterUrl, trailerUrl, rating, count, runtime, description) VALUES (9,'T2 Trainspotting', 'Drama', '2017-01-27', '18', 'app/misc/posters/T2Trainspotting.jpg', 'itTuBLUd54U', 4.2, 0.0, 117, 'After 20 years abroad, Mark Renton returns to Scotland and reunites with his old friends Sick Boy, Spud, and Begbie.');
INSERT INTO Movie(movieID, title, genre, releaseDate, classification, posterUrl, trailerUrl, rating, count, runtime, description) VALUES (10,'Hidden Figures', 'Biography', '2017-02-17', 'PG', 'app/misc/posters/HiddenFigures.jpg', '5wfrDhgUMGI', 4.3, 0.0, 127, 'The story of a team of African-American women mathematicians who served a vital role in NASA during the early years of the US space program.');
INSERT INTO Movie(movieID, title, genre, releaseDate, classification, posterUrl, trailerUrl, rating, count, runtime, description) VALUES (11,'John Wick: Chapter 2', 'Thriller', '2017-02-17', '18', 'app/misc/posters/JohnWick2.jpg', 'ChpLV9AMqm4', 4.4, 0.0, 122, 'After returning to the criminal underworld to repay a debt, John Wick discovers that a large bounty has been put on his life.');
INSERT INTO Movie(movieID, title, genre, releaseDate, classification, posterUrl, trailerUrl, rating, count, runtime, description) VALUES (12,'La La Land', 'Drama', '2017-01-12', '12A', 'app/misc/posters/LaLaLand.jpg', '0pdqf4P9MB8', 4.3, 0.0, 128, 'A jazz pianist falls for an aspiring actress in Los Angeles.');
INSERT INTO Movie(movieID, title, genre, releaseDate, classification, posterUrl, trailerUrl, rating, count, runtime, description) VALUES (13,'Power Rangers', 'Sci-Fi', '2017-03-23', '12A', 'app/misc/posters/PowerRangers.jpg', '5kIe6UZHSXw', 4.4, 0.0, 124, 'A group of high-school kids, who are infused with unique superpowers, harness their abilities in order to save the world.');
INSERT INTO Movie(movieID, title, genre, releaseDate, classification, posterUrl, trailerUrl, rating, count, runtime, description) VALUES (14,'The Lost City Of Z', 'Adventure', '2017-03-24', '15', 'app/misc/posters/LostCityOfZ.jpg', 'wwjtdOqTmrA', 4.3, 0.0, 141, 'A true-life drama, centering on British explorer Col. Percival Fawcett, who disappeared while searching for a mysterious city in the Amazon in the 1920s.');
INSERT INTO Movie(movieID, title, genre, releaseDate, classification, posterUrl, trailerUrl, rating, count, runtime, description) VALUES (15,'Split', 'Thriller', '2017-01-20', '15', 'app/misc/posters/Split.jpg', '84TouqfIsiI', 4.5, 0.0, 117, 'Three girls are kidnapped by a man with a diagnosed 23 distinct personalities, they must try to escape before the apparent emergence of a frightful new 24th.');
INSERT INTO Movie(movieID, title, genre, releaseDate, classification, posterUrl, trailerUrl, rating, count, runtime, description) VALUES (16,'Braver', 'Animation', '2020-12-20', '18', 'app/misc/posters/braver.png', '6Irb5-pj-WE', 5.0, 100, 130, 'The story of man who turns into a dragon, sure why not. A dragonmon, if you will.');


INSERT INTO Screen(screenId, screenType, screenDesc) VALUES(1, 'Standard', 'A standard screen, for standard people.');
INSERT INTO Screen(screenId, screenType, screenDesc) VALUES(2, 'Standard', 'Another standard screen.');
INSERT INTO Screen(screenId, screenType, screenDesc) VALUES(3, 'Deluxe', 'A fancy screen, like a sir.');


INSERT INTO Showing(showingId, screenId, movieId, dateTime) VALUES(1, 1, 1, '2017-03-22T10:30:00');
INSERT INTO Showing(showingId, screenId, movieId, dateTime) VALUES(2, 1, 1, '2017-03-22T13:00:00');
INSERT INTO Showing(showingId, screenId, movieId, dateTime) VALUES(3, 2, 1, '2017-03-22T14:15:00');
INSERT INTO Showing(showingId, screenId, movieId, dateTime) VALUES(4, 1, 1, '2017-03-22T18:00:00');
INSERT INTO Showing(showingId, screenId, movieId, dateTime) VALUES(5, 2, 1, '2017-03-22T21:15:00');
INSERT INTO Showing(showingId, screenId, movieId, dateTime) VALUES(6, 1, 1, '2017-03-23T10:30:00');
INSERT INTO Showing(showingId, screenId, movieId, dateTime) VALUES(7, 1, 1, '2017-03-23T13:00:00');
INSERT INTO Showing(showingId, screenId, movieId, dateTime) VALUES(8, 2, 1, '2017-03-23T14:15:00');
INSERT INTO Showing(showingId, screenId, movieId, dateTime) VALUES(9, 1, 1, '2017-03-23T18:00:00');
INSERT INTO Showing(showingId, screenId, movieId, dateTime) VALUES(10, 2, 1, '2017-03-23T21:15:00');
INSERT INTO Showing(showingId, screenId, movieId, dateTime) VALUES(11, 1, 1, '2017-03-24T10:30:00');
INSERT INTO Showing(showingId, screenId, movieId, dateTime) VALUES(12, 1, 1, '2017-03-24T13:00:00');
INSERT INTO Showing(showingId, screenId, movieId, dateTime) VALUES(13, 2, 1, '2017-03-24T14:15:00');
INSERT INTO Showing(showingId, screenId, movieId, dateTime) VALUES(14, 1, 1, '2017-03-24T18:00:00');
INSERT INTO Showing(showingId, screenId, movieId, dateTime) VALUES(15, 2, 1, '2017-03-24T21:15:00');
INSERT INTO Showing(showingId, screenId, movieId, dateTime) VALUES(16, 1, 1, '2017-03-25T10:30:00');
INSERT INTO Showing(showingId, screenId, movieId, dateTime) VALUES(17, 1, 1, '2017-03-25T13:00:00');
INSERT INTO Showing(showingId, screenId, movieId, dateTime) VALUES(18, 2, 1, '2017-03-25T14:15:00');
INSERT INTO Showing(showingId, screenId, movieId, dateTime) VALUES(19, 1, 1, '2017-03-25T18:00:00');
INSERT INTO Showing(showingId, screenId, movieId, dateTime) VALUES(20, 2, 1, '2017-03-25T21:15:00');
INSERT INTO Showing(showingId, screenId, movieId, dateTime) VALUES(21, 1, 1, '2017-03-26T10:30:00');
INSERT INTO Showing(showingId, screenId, movieId, dateTime) VALUES(22, 1, 1, '2017-03-26T13:00:00');
INSERT INTO Showing(showingId, screenId, movieId, dateTime) VALUES(23, 2, 1, '2017-03-26T14:15:00');
INSERT INTO Showing(showingId, screenId, movieId, dateTime) VALUES(24, 1, 1, '2017-03-26T18:00:00');
INSERT INTO Showing(showingId, screenId, movieId, dateTime) VALUES(25, 2, 1, '2017-03-26T21:15:00');
INSERT INTO Showing(showingId, screenId, movieId, dateTime) VALUES(26, 1, 1, '2017-03-27T10:30:00');
INSERT INTO Showing(showingId, screenId, movieId, dateTime) VALUES(27, 1, 1, '2017-03-27T13:00:00');
INSERT INTO Showing(showingId, screenId, movieId, dateTime) VALUES(28, 2, 1, '2017-03-27T14:15:00');
INSERT INTO Showing(showingId, screenId, movieId, dateTime) VALUES(29, 1, 1, '2017-03-27T18:00:00');
INSERT INTO Showing(showingId, screenId, movieId, dateTime) VALUES(30, 2, 1, '2017-03-27T21:15:00');
INSERT INTO Showing(showingId, screenId, movieId, dateTime) VALUES(31, 1, 1, '2017-03-28T10:30:00');
INSERT INTO Showing(showingId, screenId, movieId, dateTime) VALUES(32, 1, 1, '2017-03-28T13:00:00');
INSERT INTO Showing(showingId, screenId, movieId, dateTime) VALUES(33, 2, 1, '2017-03-28T14:15:00');
INSERT INTO Showing(showingId, screenId, movieId, dateTime) VALUES(34, 1, 1, '2017-03-28T18:00:00');
INSERT INTO Showing(showingId, screenId, movieId, dateTime) VALUES(35, 2, 1, '2017-03-28T21:15:00');
INSERT INTO Showing(showingId, screenId, movieId, dateTime) VALUES(36, 1, 1, '2017-03-29T10:30:00');
INSERT INTO Showing(showingId, screenId, movieId, dateTime) VALUES(37, 1, 1, '2017-03-21T12:00:00');
INSERT INTO Showing(showingId, screenId, movieId, dateTime) VALUES(38, 2, 2, '2017-03-25T16:00:00');
INSERT INTO Showing(showingId, screenId, movieId, dateTime) VALUES(39, 2, 2, '2017-03-21T12:00:00');
INSERT INTO Showing(showingId, screenId, movieId, dateTime) VALUES(40, 2, 2, '2017-03-25T12:00:00');
INSERT INTO Showing(showingId, screenId, movieId, dateTime) VALUES(50, 3, 3, '2017-03-26T12:00:00');
INSERT INTO Showing(showingId, screenId, movieId, dateTime) VALUES(51, 3, 7, '2017-03-22T17:00:00');
INSERT INTO Showing(showingId, screenId, movieId, dateTime) VALUES(52, 3, 9, '2017-03-21T12:00:00');
INSERT INTO Showing(showingId, screenId, movieId, dateTime) VALUES(53, 3, 10, '2017-03-22T12:00:00');
INSERT INTO Showing(showingId, screenId, movieId, dateTime) VALUES(54, 3, 11, '2017-03-23T16:00:00');
INSERT INTO Showing(showingId, screenId, movieId, dateTime) VALUES(55, 3, 12, '2017-03-21T12:00:00');
INSERT INTO Showing(showingId, screenId, movieId, dateTime) VALUES(56, 3, 15, '2017-03-26T12:00:00');
INSERT INTO Showing(showingId, screenId, movieId, dateTime) VALUES(57, 1, 1, '2017-04-15T12:00:00');
INSERT INTO Showing(showingId, screenId, movieId, dateTime) VALUES(58, 1, 1, '2017-04-15T17:00:00');
INSERT INTO Showing(showingId, screenId, movieId, dateTime) VALUES(59, 2, 1, '2017-04-16T12:00:00');
INSERT INTO Showing(showingId, screenId, movieId, dateTime) VALUES(60, 3, 1, '2017-04-17T12:00:00');
INSERT INTO Showing(showingId, screenId, movieId, dateTime) VALUES(61, 2, 2, '2017-04-14T16:00:00');
INSERT INTO Showing(showingId, screenId, movieId, dateTime) VALUES(62, 2, 2, '2017-04-16T12:00:00');
INSERT INTO Showing(showingId, screenId, movieId, dateTime) VALUES(63, 2, 2, '2017-04-15T12:00:00');
INSERT INTO Showing(showingId, screenId, movieId, dateTime) VALUES(64, 2, 6, '2017-03-22T12:00:00');



INSERT INTO SEAT(seatId, row, col, screenId) VALUES ( '1_1A', 1, 'A', 1);
INSERT INTO SEAT(seatId, row, col, screenId) VALUES ( '1_1B', 1, 'B', 1);
INSERT INTO SEAT(seatId, row, col, screenId) VALUES ( '1_1C', 1, 'C', 1);
INSERT INTO SEAT(seatId, row, col, screenId) VALUES ( '1_1D', 1, 'D', 1);
INSERT INTO SEAT(seatId, row, col, screenId) VALUES ( '1_1E', 1, 'E', 1);
INSERT INTO SEAT(seatId, row, col, screenId) VALUES ( '1_1F', 1, 'F', 1);
INSERT INTO SEAT(seatId, row, col, screenId) VALUES ( '1_1G', 1, 'G', 1);
INSERT INTO SEAT(seatId, row, col, screenId) VALUES ( '1_2A', 2, 'A', 1);
INSERT INTO SEAT(seatId, row, col, screenId) VALUES ( '1_2B', 2, 'B', 1);
INSERT INTO SEAT(seatId, row, col, screenId) VALUES ( '1_2C', 2, 'C', 1);
INSERT INTO SEAT(seatId, row, col, screenId) VALUES ( '1_2D', 2, 'D', 1);
INSERT INTO SEAT(seatId, row, col, screenId) VALUES ( '1_2E', 2, 'E', 1);
INSERT INTO SEAT(seatId, row, col, screenId) VALUES ( '1_2F', 2, 'F', 1);
INSERT INTO SEAT(seatId, row, col, screenId) VALUES ( '1_2G', 2, 'G', 1);
INSERT INTO SEAT(seatId, row, col, screenId) VALUES ( '1_3A', 3, 'A', 1);
INSERT INTO SEAT(seatId, row, col, screenId) VALUES ( '1_3B', 3, 'B', 1);
INSERT INTO SEAT(seatId, row, col, screenId) VALUES ( '1_3C', 3, 'C', 1);
INSERT INTO SEAT(seatId, row, col, screenId) VALUES ( '1_3D', 3, 'D', 1);
INSERT INTO SEAT(seatId, row, col, screenId) VALUES ( '1_3E', 3, 'E', 1);
INSERT INTO SEAT(seatId, row, col, screenId) VALUES ( '1_3F', 3, 'F', 1);
INSERT INTO SEAT(seatId, row, col, screenId) VALUES ( '1_3G', 3, 'G', 1);
INSERT INTO SEAT(seatId, row, col, screenId) VALUES ( '1_4A', 4, 'A', 1);
INSERT INTO SEAT(seatId, row, col, screenId) VALUES ( '1_4B', 4, 'B', 1);
INSERT INTO SEAT(seatId, row, col, screenId) VALUES ( '1_4C', 4, 'C', 1);
INSERT INTO SEAT(seatId, row, col, screenId) VALUES ( '1_4D', 4, 'D', 1);
INSERT INTO SEAT(seatId, row, col, screenId) VALUES ( '1_4E', 4, 'E', 1);
INSERT INTO SEAT(seatId, row, col, screenId) VALUES ( '1_4F', 4, 'F', 1);
INSERT INTO SEAT(seatId, row, col, screenId) VALUES ( '1_4G', 4, 'G', 1);
INSERT INTO SEAT(seatId, row, col, screenId) VALUES ( '1_5A', 5, 'A', 1);
INSERT INTO SEAT(seatId, row, col, screenId) VALUES ( '1_5B', 5, 'B', 1);
INSERT INTO SEAT(seatId, row, col, screenId) VALUES ( '1_5C', 5, 'C', 1);
INSERT INTO SEAT(seatId, row, col, screenId) VALUES ( '1_5D', 5, 'D', 1);
INSERT INTO SEAT(seatId, row, col, screenId) VALUES ( '1_5E', 5, 'E', 1);
INSERT INTO SEAT(seatId, row, col, screenId) VALUES ( '1_5F', 5, 'F', 1);
INSERT INTO SEAT(seatId, row, col, screenId) VALUES ( '1_5G', 5, 'G', 1);
INSERT INTO SEAT(seatId, row, col, screenId) VALUES ( '1_6A', 6, 'A', 1);
INSERT INTO SEAT(seatId, row, col, screenId) VALUES ( '1_6B', 6, 'B', 1);
INSERT INTO SEAT(seatId, row, col, screenId) VALUES ( '1_6C', 6, 'C', 1);
INSERT INTO SEAT(seatId, row, col, screenId) VALUES ( '1_6D', 6, 'D', 1);
INSERT INTO SEAT(seatId, row, col, screenId) VALUES ( '1_6E', 6, 'E', 1);
INSERT INTO SEAT(seatId, row, col, screenId) VALUES ( '1_6F', 6, 'F', 1);
INSERT INTO SEAT(seatId, row, col, screenId) VALUES ( '1_6G', 6, 'G', 1);
INSERT INTO SEAT(seatId, row, col, screenId) VALUES ( '1_7A', 7, 'A', 1);
INSERT INTO SEAT(seatId, row, col, screenId) VALUES ( '1_7B', 7, 'B', 1);
INSERT INTO SEAT(seatId, row, col, screenId) VALUES ( '1_7C', 7, 'C', 1);
INSERT INTO SEAT(seatId, row, col, screenId) VALUES ( '1_7D', 7, 'D', 1);
INSERT INTO SEAT(seatId, row, col, screenId) VALUES ( '1_7E', 7, 'E', 1);
INSERT INTO SEAT(seatId, row, col, screenId) VALUES ( '1_7F', 7, 'F', 1);
INSERT INTO SEAT(seatId, row, col, screenId) VALUES ( '1_7G', 7, 'G', 1);
INSERT INTO SEAT(seatId, row, col, screenId) VALUES ( '1_8A', 8, 'A', 1);
INSERT INTO SEAT(seatId, row, col, screenId) VALUES ( '1_8B', 8, 'B', 1);
INSERT INTO SEAT(seatId, row, col, screenId) VALUES ( '1_8C', 8, 'C', 1);
INSERT INTO SEAT(seatId, row, col, screenId) VALUES ( '1_8D', 8, 'D', 1);
INSERT INTO SEAT(seatId, row, col, screenId) VALUES ( '1_8E', 8, 'E', 1);
INSERT INTO SEAT(seatId, row, col, screenId) VALUES ( '1_8F', 8, 'F', 1);
INSERT INTO SEAT(seatId, row, col, screenId) VALUES ( '1_8G', 8, 'G', 1);
INSERT INTO SEAT(seatId, row, col, screenId) VALUES ( '1_9A', 9, 'A', 1);
INSERT INTO SEAT(seatId, row, col, screenId) VALUES ( '1_9B', 9, 'B', 1);
INSERT INTO SEAT(seatId, row, col, screenId) VALUES ( '1_9C', 9, 'C', 1);
INSERT INTO SEAT(seatId, row, col, screenId) VALUES ( '1_9D', 9, 'D', 1);
INSERT INTO SEAT(seatId, row, col, screenId) VALUES ( '1_9E', 9, 'E', 1);
INSERT INTO SEAT(seatId, row, col, screenId) VALUES ( '1_9F', 9, 'F', 1);
INSERT INTO SEAT(seatId, row, col, screenId) VALUES ( '1_9G', 9, 'G', 1);
INSERT INTO SEAT(seatId, row, col, screenId) VALUES ( '1_10A', 10, 'A', 1);
INSERT INTO SEAT(seatId, row, col, screenId) VALUES ( '1_10B', 10, 'B', 1);
INSERT INTO SEAT(seatId, row, col, screenId) VALUES ( '1_10C', 10, 'C', 1);
INSERT INTO SEAT(seatId, row, col, screenId) VALUES ( '1_10D', 10, 'D', 1);
INSERT INTO SEAT(seatId, row, col, screenId) VALUES ( '1_10E', 10, 'E', 1);
INSERT INTO SEAT(seatId, row, col, screenId) VALUES ( '1_10F', 10, 'F', 1);
INSERT INTO SEAT(seatId, row, col, screenId) VALUES ( '1_10G', 10, 'G', 1);
INSERT INTO SEAT(seatId, row, col, screenId) VALUES ( '2_1A', 1, 'A', 2);
INSERT INTO SEAT(seatId, row, col, screenId) VALUES ( '2_1B', 1, 'B', 2);
INSERT INTO SEAT(seatId, row, col, screenId) VALUES ( '2_1C', 1, 'C', 2);
INSERT INTO SEAT(seatId, row, col, screenId) VALUES ( '2_1D', 1, 'D', 2);
INSERT INTO SEAT(seatId, row, col, screenId) VALUES ( '2_1E', 1, 'E', 2);
INSERT INTO SEAT(seatId, row, col, screenId) VALUES ( '2_1F', 1, 'F', 2);
INSERT INTO SEAT(seatId, row, col, screenId) VALUES ( '2_1G', 1, 'G', 2);
INSERT INTO SEAT(seatId, row, col, screenId) VALUES ( '2_2A', 2, 'A', 2);
INSERT INTO SEAT(seatId, row, col, screenId) VALUES ( '2_2B', 2, 'B', 2);
INSERT INTO SEAT(seatId, row, col, screenId) VALUES ( '2_2C', 2, 'C', 2);
INSERT INTO SEAT(seatId, row, col, screenId) VALUES ( '2_2D', 2, 'D', 2);
INSERT INTO SEAT(seatId, row, col, screenId) VALUES ( '2_2E', 2, 'E', 2);
INSERT INTO SEAT(seatId, row, col, screenId) VALUES ( '2_2F', 2, 'F', 2);
INSERT INTO SEAT(seatId, row, col, screenId) VALUES ( '2_2G', 2, 'G', 2);
INSERT INTO SEAT(seatId, row, col, screenId) VALUES ( '2_3A', 3, 'A', 2);
INSERT INTO SEAT(seatId, row, col, screenId) VALUES ( '2_3B', 3, 'B', 2);
INSERT INTO SEAT(seatId, row, col, screenId) VALUES ( '2_3C', 3, 'C', 2);
INSERT INTO SEAT(seatId, row, col, screenId) VALUES ( '2_3D', 3, 'D', 2);
INSERT INTO SEAT(seatId, row, col, screenId) VALUES ( '2_3E', 3, 'E', 2);
INSERT INTO SEAT(seatId, row, col, screenId) VALUES ( '2_3F', 3, 'F', 2);
INSERT INTO SEAT(seatId, row, col, screenId) VALUES ( '2_3G', 3, 'G', 2);
INSERT INTO SEAT(seatId, row, col, screenId) VALUES ( '2_4A', 4, 'A', 2);
INSERT INTO SEAT(seatId, row, col, screenId) VALUES ( '2_4B', 4, 'B', 2);
INSERT INTO SEAT(seatId, row, col, screenId) VALUES ( '2_4C', 4, 'C', 2);
INSERT INTO SEAT(seatId, row, col, screenId) VALUES ( '2_4D', 4, 'D', 2);
INSERT INTO SEAT(seatId, row, col, screenId) VALUES ( '2_4E', 4, 'E', 2);
INSERT INTO SEAT(seatId, row, col, screenId) VALUES ( '2_4F', 4, 'F', 2);
INSERT INTO SEAT(seatId, row, col, screenId) VALUES ( '2_4G', 4, 'G', 2);
INSERT INTO SEAT(seatId, row, col, screenId) VALUES ( '2_5A', 5, 'A', 2);
INSERT INTO SEAT(seatId, row, col, screenId) VALUES ( '2_5B', 5, 'B', 2);
INSERT INTO SEAT(seatId, row, col, screenId) VALUES ( '2_5C', 5, 'C', 2);
INSERT INTO SEAT(seatId, row, col, screenId) VALUES ( '2_5D', 5, 'D', 2);
INSERT INTO SEAT(seatId, row, col, screenId) VALUES ( '2_5E', 5, 'E', 2);
INSERT INTO SEAT(seatId, row, col, screenId) VALUES ( '2_5F', 5, 'F', 2);
INSERT INTO SEAT(seatId, row, col, screenId) VALUES ( '2_5G', 5, 'G', 2);
INSERT INTO SEAT(seatId, row, col, screenId) VALUES ( '2_6A', 6, 'A', 2);
INSERT INTO SEAT(seatId, row, col, screenId) VALUES ( '2_6B', 6, 'B', 2);
INSERT INTO SEAT(seatId, row, col, screenId) VALUES ( '2_6C', 6, 'C', 2);
INSERT INTO SEAT(seatId, row, col, screenId) VALUES ( '2_6D', 6, 'D', 2);
INSERT INTO SEAT(seatId, row, col, screenId) VALUES ( '2_6E', 6, 'E', 2);
INSERT INTO SEAT(seatId, row, col, screenId) VALUES ( '2_6F', 6, 'F', 2);
INSERT INTO SEAT(seatId, row, col, screenId) VALUES ( '2_6G', 6, 'G', 2);
INSERT INTO SEAT(seatId, row, col, screenId) VALUES ( '2_7A', 7, 'A', 2);
INSERT INTO SEAT(seatId, row, col, screenId) VALUES ( '2_7B', 7, 'B', 2);
INSERT INTO SEAT(seatId, row, col, screenId) VALUES ( '2_7C', 7, 'C', 2);
INSERT INTO SEAT(seatId, row, col, screenId) VALUES ( '2_7D', 7, 'D', 2);
INSERT INTO SEAT(seatId, row, col, screenId) VALUES ( '2_7E', 7, 'E', 2);
INSERT INTO SEAT(seatId, row, col, screenId) VALUES ( '2_7F', 7, 'F', 2);
INSERT INTO SEAT(seatId, row, col, screenId) VALUES ( '2_7G', 7, 'G', 2);
INSERT INTO SEAT(seatId, row, col, screenId) VALUES ( '2_8A', 8, 'A', 2);
INSERT INTO SEAT(seatId, row, col, screenId) VALUES ( '2_8B', 8, 'B', 2);
INSERT INTO SEAT(seatId, row, col, screenId) VALUES ( '2_8C', 8, 'C', 2);
INSERT INTO SEAT(seatId, row, col, screenId) VALUES ( '2_8D', 8, 'D', 2);
INSERT INTO SEAT(seatId, row, col, screenId) VALUES ( '2_8E', 8, 'E', 2);
INSERT INTO SEAT(seatId, row, col, screenId) VALUES ( '2_8F', 8, 'F', 2);
INSERT INTO SEAT(seatId, row, col, screenId) VALUES ( '2_8G', 8, 'G', 2);
INSERT INTO SEAT(seatId, row, col, screenId) VALUES ( '2_9A', 9, 'A', 2);
INSERT INTO SEAT(seatId, row, col, screenId) VALUES ( '2_9B', 9, 'B', 2);
INSERT INTO SEAT(seatId, row, col, screenId) VALUES ( '2_9C', 9, 'C', 2);
INSERT INTO SEAT(seatId, row, col, screenId) VALUES ( '2_9D', 9, 'D', 2);
INSERT INTO SEAT(seatId, row, col, screenId) VALUES ( '2_9E', 9, 'E', 2);
INSERT INTO SEAT(seatId, row, col, screenId) VALUES ( '2_9F', 9, 'F', 2);
INSERT INTO SEAT(seatId, row, col, screenId) VALUES ( '2_9G', 9, 'G', 2);
INSERT INTO SEAT(seatId, row, col, screenId) VALUES ( '2_10A', 10, 'A', 2);
INSERT INTO SEAT(seatId, row, col, screenId) VALUES ( '2_10B', 10, 'B', 2);
INSERT INTO SEAT(seatId, row, col, screenId) VALUES ( '2_10C', 10, 'C', 2);
INSERT INTO SEAT(seatId, row, col, screenId) VALUES ( '2_10D', 10, 'D', 2);
INSERT INTO SEAT(seatId, row, col, screenId) VALUES ( '2_10E', 10, 'E', 2);
INSERT INTO SEAT(seatId, row, col, screenId) VALUES ( '2_10F', 10, 'F', 2);
INSERT INTO SEAT(seatId, row, col, screenId) VALUES ( '2_10G', 10, 'G', 2);

INSERT INTO SEAT(seatId, row, col, screenId) VALUES ( '3_1A', 1, 'A', 3);
INSERT INTO SEAT(seatId, row, col, screenId) VALUES ( '3_1B', 1, 'B', 3);
INSERT INTO SEAT(seatId, row, col, screenId) VALUES ( '3_1C', 1, 'C', 3);
INSERT INTO SEAT(seatId, row, col, screenId) VALUES ( '3_1D', 1, 'D', 3);
INSERT INTO SEAT(seatId, row, col, screenId) VALUES ( '3_1E', 1, 'E', 3);
INSERT INTO SEAT(seatId, row, col, screenId) VALUES ( '3_1F', 1, 'F', 3);
INSERT INTO SEAT(seatId, row, col, screenId) VALUES ( '3_1G', 1, 'G', 3);
INSERT INTO SEAT(seatId, row, col, screenId) VALUES ( '3_2A', 2, 'A', 3);
INSERT INTO SEAT(seatId, row, col, screenId) VALUES ( '3_2B', 2, 'B', 3);
INSERT INTO SEAT(seatId, row, col, screenId) VALUES ( '3_2C', 2, 'C', 3);
INSERT INTO SEAT(seatId, row, col, screenId) VALUES ( '3_2D', 2, 'D', 3);
INSERT INTO SEAT(seatId, row, col, screenId) VALUES ( '3_2E', 2, 'E', 3);
INSERT INTO SEAT(seatId, row, col, screenId) VALUES ( '3_2F', 2, 'F', 3);
INSERT INTO SEAT(seatId, row, col, screenId) VALUES ( '3_2G', 2, 'G', 3);
INSERT INTO SEAT(seatId, row, col, screenId) VALUES ( '3_3A', 3, 'A', 3);
INSERT INTO SEAT(seatId, row, col, screenId) VALUES ( '3_3B', 3, 'B', 3);
INSERT INTO SEAT(seatId, row, col, screenId) VALUES ( '3_3C', 3, 'C', 3);
INSERT INTO SEAT(seatId, row, col, screenId) VALUES ( '3_3D', 3, 'D', 3);
INSERT INTO SEAT(seatId, row, col, screenId) VALUES ( '3_3E', 3, 'E', 3);
INSERT INTO SEAT(seatId, row, col, screenId) VALUES ( '3_3F', 3, 'F', 3);
INSERT INTO SEAT(seatId, row, col, screenId) VALUES ( '3_3G', 3, 'G', 3);
INSERT INTO SEAT(seatId, row, col, screenId) VALUES ( '3_4A', 4, 'A', 3);
INSERT INTO SEAT(seatId, row, col, screenId) VALUES ( '3_4B', 4, 'B', 3);
INSERT INTO SEAT(seatId, row, col, screenId) VALUES ( '3_4C', 4, 'C', 3);
INSERT INTO SEAT(seatId, row, col, screenId) VALUES ( '3_4D', 4, 'D', 3);
INSERT INTO SEAT(seatId, row, col, screenId) VALUES ( '3_4E', 4, 'E', 3);
INSERT INTO SEAT(seatId, row, col, screenId) VALUES ( '3_4F', 4, 'F', 3);
INSERT INTO SEAT(seatId, row, col, screenId) VALUES ( '3_4G', 4, 'G', 3);
INSERT INTO SEAT(seatId, row, col, screenId) VALUES ( '3_5A', 5, 'A', 3);
INSERT INTO SEAT(seatId, row, col, screenId) VALUES ( '3_5B', 5, 'B', 3);
INSERT INTO SEAT(seatId, row, col, screenId) VALUES ( '3_5C', 5, 'C', 3);
INSERT INTO SEAT(seatId, row, col, screenId) VALUES ( '3_5D', 5, 'D', 3);
INSERT INTO SEAT(seatId, row, col, screenId) VALUES ( '3_5E', 5, 'E', 3);
INSERT INTO SEAT(seatId, row, col, screenId) VALUES ( '3_5F', 5, 'F', 3);
INSERT INTO SEAT(seatId, row, col, screenId) VALUES ( '3_5G', 5, 'G', 3);
INSERT INTO SEAT(seatId, row, col, screenId) VALUES ( '3_6A', 6, 'A', 3);
INSERT INTO SEAT(seatId, row, col, screenId) VALUES ( '3_6B', 6, 'B', 3);
INSERT INTO SEAT(seatId, row, col, screenId) VALUES ( '3_6C', 6, 'C', 3);
INSERT INTO SEAT(seatId, row, col, screenId) VALUES ( '3_6D', 6, 'D', 3);
INSERT INTO SEAT(seatId, row, col, screenId) VALUES ( '3_6E', 6, 'E', 3);
INSERT INTO SEAT(seatId, row, col, screenId) VALUES ( '3_6F', 6, 'F', 3);
INSERT INTO SEAT(seatId, row, col, screenId) VALUES ( '3_6G', 6, 'G', 3);
INSERT INTO SEAT(seatId, row, col, screenId) VALUES ( '3_7A', 7, 'A', 3);
INSERT INTO SEAT(seatId, row, col, screenId) VALUES ( '3_7B', 7, 'B', 3);
INSERT INTO SEAT(seatId, row, col, screenId) VALUES ( '3_7C', 7, 'C', 3);
INSERT INTO SEAT(seatId, row, col, screenId) VALUES ( '3_7D', 7, 'D', 3);
INSERT INTO SEAT(seatId, row, col, screenId) VALUES ( '3_7E', 7, 'E', 3);
INSERT INTO SEAT(seatId, row, col, screenId) VALUES ( '3_7F', 7, 'F', 3);
INSERT INTO SEAT(seatId, row, col, screenId) VALUES ( '3_7G', 7, 'G', 3);
INSERT INTO SEAT(seatId, row, col, screenId) VALUES ( '3_8A', 8, 'A', 3);
INSERT INTO SEAT(seatId, row, col, screenId) VALUES ( '3_8B', 8, 'B', 3);
INSERT INTO SEAT(seatId, row, col, screenId) VALUES ( '3_8C', 8, 'C', 3);
INSERT INTO SEAT(seatId, row, col, screenId) VALUES ( '3_8D', 8, 'D', 3);
INSERT INTO SEAT(seatId, row, col, screenId) VALUES ( '3_8E', 8, 'E', 3);
INSERT INTO SEAT(seatId, row, col, screenId) VALUES ( '3_8F', 8, 'F', 3);
INSERT INTO SEAT(seatId, row, col, screenId) VALUES ( '3_8G', 8, 'G', 3);
INSERT INTO SEAT(seatId, row, col, screenId) VALUES ( '3_9A', 9, 'A', 3);
INSERT INTO SEAT(seatId, row, col, screenId) VALUES ( '3_9B', 9, 'B', 3);
INSERT INTO SEAT(seatId, row, col, screenId) VALUES ( '3_9C', 9, 'C', 3);
INSERT INTO SEAT(seatId, row, col, screenId) VALUES ( '3_9D', 9, 'D', 3);
INSERT INTO SEAT(seatId, row, col, screenId) VALUES ( '3_9E', 9, 'E', 3);
INSERT INTO SEAT(seatId, row, col, screenId) VALUES ( '3_9F', 9, 'F', 3);
INSERT INTO SEAT(seatId, row, col, screenId) VALUES ( '3_9G', 9, 'G', 3);
INSERT INTO SEAT(seatId, row, col, screenId) VALUES ( '3_10A', 10, 'A', 3);
INSERT INTO SEAT(seatId, row, col, screenId) VALUES ( '3_10B', 10, 'B', 3);
INSERT INTO SEAT(seatId, row, col, screenId) VALUES ( '3_10C', 10, 'C', 3);
INSERT INTO SEAT(seatId, row, col, screenId) VALUES ( '3_10D', 10, 'D', 3);
INSERT INTO SEAT(seatId, row, col, screenId) VALUES ( '3_10E', 10, 'E', 3);
INSERT INTO SEAT(seatId, row, col, screenId) VALUES ( '3_10F', 10, 'F', 3);
INSERT INTO SEAT(seatId, row, col, screenId) VALUES ( '3_10G', 10, 'G', 3);

INSERT INTO Ticket(ticketId, price, orderId, seatId, showingId, email, ticketType) VALUES(1,'1','a', '1_1A', 1, 'a@a.com', 'ADULT');
INSERT INTO Ticket(ticketId, price, orderId, seatId, showingId, email, ticketType) VALUES(2, 11.70,'a1', '1_1B', 1, 'o.fahmy@outlook.com', 'ADULT');
INSERT INTO Ticket(ticketId, price, orderId, seatId, showingId, email, ticketType) VALUES(3, 7.50,'a1', '1_1C', 1, 'o.fahmy@outlook.com', 'CHILD');
